id,mid,uid,parent,t,reposts_count,attitudes_count,comments_count,text,original_text,user_created_at,followers_count,bi_followers_count,favourites_count,statuses_count,friends_count,username,screen_name,user_description,gender,province,city,verified,verified_reason,verified_type,user_location,user_avatar,user_geo_enabled,picture,geo
"3886605997219508","3886605997219508","1197161814","","1442122541","148","1823","234","群英会一期毕业了。和小平、文胜合作愉快。这五个月看到40位创业者的快速成长，并且成为兄弟姐妹，彼此帮助。面临资本寒冬，大部分已经成功融资！very proud of all of you! [愛心][愛心][愛心] （感谢文胜带大家到厦门学习，游玩）","群英会一期毕业了。和小平、文胜合作愉快。这五个月看到40位创业者的快速成长，并且成为兄弟姐妹，彼此帮助。面临资本寒冬，大部分已经成功融资！very proud of all of you! [愛心][愛心][愛心] （感谢文胜带大家到厦门学习，游玩）","1251448546","49969687","527","890","14560","524","李开复","李开复","创新工场CEO，媒体联系：press@chuangxin.com","m","11","1","1","创新工场董事长兼首席执行官","0","北京 东城区","http://tp3.sinaimg.cn/1197161814/180/1290146312/1","","http://ww3.sinaimg.cn/large/475b3d56jw1ew0rmqwru6j20zk0qq44a.jpg",""
"3886606672931386","3886606672931386","5219388310","3886605997219508","1442122703","0","0","0","转发微博","转发微博","1405435879","67","7","13","572","141","E-J-Mason","E-J-Mason","最难莫过做自己。","f","51","1","","","-1","四川 成都","http://tp3.sinaimg.cn/5219388310/180/5712822484/0","1","",""
"3886606740079720","3886606740079720","2137726463","3886605997219508","1442122718","0","0","0","āakkooappi#What Do You Mean?[音乐]#uuio","āakkooappi#What Do You Mean?[音乐]#uuio","1305531174","95","38","18","183","147","楠淼淼","楠淼淼","","f","11","1","","","-1","北京 东城区","http://tp4.sinaimg.cn/2137726463/180/5647762039/0","1","",""
"3886606811463920","3886606811463920","1084394830","3886605997219508","1442122736","0","0","0","转发微博","转发微博","1297568832","20","4","0","250","61","刘XX创企科技","刘XX创企科技","创企科技：寻找梦想 实现梦想！寻找麻烦 解决麻烦！","m","35","5","","","-1","福建 泉州","http://tp3.sinaimg.cn/1084394830/180/5736058692/1","1","",""
"3886606852863013","3886606852863013","2374415520","3886605997219508","1442122746","0","0","0","转发微博","转发微博","1315236439","353","67","108","1560","781","千秋雪世界","千秋雪世界","","f","21","1","","","-1","辽宁 沈阳","http://tp1.sinaimg.cn/2374415520/180/40006134506/0","1","",""
"3886606891199852","3886606891199852","1442342767","3886605997219508","1442122755","0","0","0","群英会牛逼[good][good]( ⊙ o ⊙ )啊！","群英会牛逼[good][good]( ⊙ o ⊙ )啊！","1290149389","1067","618","383","8687","2001","丁飞艺术","丁飞艺术","从艺多年，书画作品广为美术馆、博物馆和艺术机构以及收藏家收藏","m","32","1","","","-1","江苏 南京","http://tp4.sinaimg.cn/1442342767/180/40023453991/1","1","",""
"3886607045921026","3886607045921026","2757322340","3886605997219508","1442122791","0","0","0","转发微博","转发微博","1334371697","2936","1007","4968","168237","3139","高欣维权","高欣维权","高欣，女，汉族，1978年5月10日生，我和我的儿子高明被政府纵容坏人于2009年非法侵害生命权和健康权、姓名权、身份证号码、遗体、遗骨至今推卸责任！","f","52","24","","","220","贵州 毕节","http://tp1.sinaimg.cn/2757322340/180/5733827777/0","1","",""
"3886607431774942","3886607431774942","3245856511","3886605997219508","1442122884","0","0","0","欢迎来厦！开复老师终于恢复元气啦👏👏👏","欢迎来厦！开复老师终于恢复元气啦👏👏👏","1360111845","2","0","1","57","68","Chinalvw","Chinalvw","一行白鹭上青天。","m","35","2","","","-1","福建 厦门","http://tp4.sinaimg.cn/3245856511/180/5735403156/1","1","",""
"3886607432665544","3886607432665544","1317436574","3886605997219508","1442122884","1","1","0","[赞]","[赞]","1254200604","17008","477","75","28716","589","David-王衛","David-王衛","非顺丰CEO，花名：顺风；人丑嘴不甜、长得磕碜又没钱。Wish all is well","m","35","2","","","220","福建 厦门","http://tp3.sinaimg.cn/1317436574/180/5746281433/1","1","",""
"3886607838603571","3886607838603571","1745002785","3886605997219508","1442122981","0","0","0","转发微博","转发微博","1274452188","10","0","0","536","287","快乐阿牛","快乐阿牛","简单，快乐！","m","43","1","","","-1","湖南 长沙","http://tp2.sinaimg.cn/1745002785/180/5732378909/1","1","",""
"3886608296578107","3886608296578107","2387923615","3886605997219508","1442123089","0","0","0","@老毛老猫 @虞黎达 资本寒冬到来！","@老毛老猫 @虞黎达 资本寒冬到来！","1317271594","282","13","60","3166","266","Zhu-Jia-Yong","Zhu-Jia-Yong","永泰达纺织和领英服饰CEO","m","44","1","","","-1","广东 广州","http://tp4.sinaimg.cn/2387923615/180/5723780663/1","1","",""
"3886608313362552","3886608313362552","2296978591","3886605997219508","1442123094","0","0","0","转发微博","转发微博","1312980564","1470","223","2","567","475","浪子名豪","浪子名豪","世界上最可怕的不是鬼神，而是人心","m","45","11","","","220","广西 贺州","http://tp4.sinaimg.cn/2296978591/180/5741065860/1","1","",""
"3886608598446150","3886608598446150","2151704947","3886605997219508","1442123162","0","0","0","转发微博","转发微博","1335393195","1827","217","2220","27258","650","wangwenjun将军","wangwenjun将军","书墨人生：述人世真情！ 传递正能量：做知识之梯！","f","37","2","","","220","山东 青岛","http://tp4.sinaimg.cn/2151704947/180/5679962428/0","1","",""
"3886608946141112","3886608946141112","1771626121","3886605997219508","1442123245","0","0","0","拼湖畔大学？","拼湖畔大学？","1278706253","2798","995","1324","124658","2006","涅槃景天_兜售别克","涅槃景天_兜售别克","卖别克&雪佛兰的男小歪","m","31","12","","","220","上海 闵行区","http://tp2.sinaimg.cn/1771626121/180/40036362258/1","1","",""
"3886610208399256","3886610208399256","2245795712","3886605997219508","1442123546","0","0","0","[good]","[good]","1310611754","322","88","68","13732","1028","河边晃晃晃晃晃晃","河边晃晃晃晃晃晃","Love your women, fight for your freedom.","m","44","1","","","-1","广东 广州","http://tp1.sinaimg.cn/2245795712/180/5648566125/1","1","",""
"3886610581992909","3886610581992909","1915868817","3886605997219508","1442123635","0","0","0","转发微博","转发微博","1294541688","995","866","43","3326","1254","瓊島萶蔭","瓊島萶蔭","坦儿哄，呵呵。","m","11","5","","","220","北京 朝阳区","http://tp2.sinaimg.cn/1915868817/180/5689500550/1","1","",""
"3886610762137425","3886610762137425","5587112230","3886605997219508","1442123678","0","0","0","[good]","[good]","1428902659","36","1","304","873","133","梁Sally的山林珍宝","梁Sally的山林珍宝","","f","44","1","","","-1","广东 广州","http://tp3.sinaimg.cn/5587112230/180/5724475956/0","1","",""
"3886610975921130","3886610975921130","2122133090","3886605997219508","1442123729","0","0","0","转发微博","转发微博","1304142668","448","33","28742","28810","2001","-情定爱情海-","-情定爱情海-","执着的HighMan要以事业为重，但会玩的男人才真的有种","m","41","5","","","-1","河南 安阳","http://tp3.sinaimg.cn/2122133090/180/5729956260/1","1","",""
"3886611248788453","3886611248788453","271507","3886605997219508","1442123794","0","0","0","团结才是力量！","团结才是力量！","1259049934","398","58","15","2573","465","寻求_指南针","寻求_指南针","联系邮箱：my_email@qq.com/或/271507@51uc.com谢谢！","m","51","1","","","-1","四川 成都","http://tp4.sinaimg.cn/271507/180/40049581709/1","1","",""
"3886611282016375","3886611282016375","1873458580","3886605997219508","1442123801","0","0","0","g.cn  [doge][doge][doge]","g.cn  [doge][doge][doge]","1289396429","121","22","166","1477","95","木土王","木土王","So you think you can stone me and spit in my eye","m","44","3","","","-1","广东 深圳","http://tp1.sinaimg.cn/1873458580/180/5605456795/1","1","",""
"3886612158639788","3886612158639788","1308840947","3886605997219508","1442124011","0","0","0","转发微博","转发微博","1283481171","387","37","13537","8952","84","筱荃","筱荃","筱荃，中国作家。一直以“写——虽不能提高生活的质量，却能提高生命的质量”为座右铭，来恪守“唯有读书的过程充盈人生，唯有读书的境界提升形象。”","f","22","7","","","-1","吉林 松原","http://tp4.sinaimg.cn/1308840947/180/5631711870/0","","",""
"3886612192597599","3886612192597599","1866337227","3886605997219508","1442124019","0","0","0","转发微博","转发微博","1290059278","1107","383","36","3411","1492","每天一涨停微博","每天一涨停微博","盘前及盘中，凭自己专业的手法，尽力捕捉涨停金股，为超短线股民每天带来不低于1000元的收益(投资额在5万元以上)","m","44","1000","","","-1","广东","http://tp4.sinaimg.cn/1866337227/180/5667811230/1","1","",""
"3886612318737666","3886612318737666","3812453072","3886605997219508","1442124049","0","0","0","转发微博","转发微博","1380006369","16","4","6","227","103","莲心18_96572","莲心18_96572","安静","f","41","1000","","","-1","河南","http://tp1.sinaimg.cn/3812453072/180/5736813407/0","1","",""
"3886612318162123","3886612318162123","3329511790","3886605997219508","1442124049","0","0","0","有难同当和情深意重真是一群好兄弟姊妹。[心][酷][好棒][蛋糕][good][赞]","有难同当和情深意重真是一群好兄弟姊妹。[心][酷][好棒][蛋糕][good][赞]","1366071778","134","121","5","4996","426","黄保文_70167","黄保文_70167","在职于湛江市保安公司，分配在湛江市开发区中国银行支行，担任班长职务，工作六年，多次被评为先进个人。","m","44","8","","","-1","广东 湛江","http://tp3.sinaimg.cn/3329511790/180/0/1","1","",""
"3886612427297974","3886612427297974","2014820773","3886605997219508","1442124074","0","0","0","恭喜@张元一 ","恭喜@张元一 ","1299647172","255","107","0","1176","250","墙里秋千墙外道V","墙里秋千墙外道V","蒙蒙腾腾已十年","m","31","4","","","-1","上海 徐汇区","http://tp2.sinaimg.cn/2014820773/180/1300078200/1","1","",""
"3886612901890168","3886612901890168","1307588830","3886605997219508","1442124187","0","1","0","拥有梦想并为之努力的人，都是可爱的人。","拥有梦想并为之努力的人，都是可爱的人。","1304958615","74","29","6","42","136","艾文莹","艾文莹","狮子座","f","46","1","","","-1","海南 海口","http://tp3.sinaimg.cn/1307588830/180/5735964687/0","1","",""
"3886612972750624","3886612972750624","1309337352","3886605997219508","1442124205","0","0","0","求带[笑cry]","求带[笑cry]","1269535119","315","136","0","2404","342","炜Raymond","炜Raymond","一个正在努力的人","m","44","1","","","-1","广东 广州","http://tp1.sinaimg.cn/1309337352/180/5670065769/1","1","",""
"3886613584868164","3886613584868164","2910924215","3886605997219508","1442124350","0","0","0","我要加入@李开复 ","我要加入@李开复 ","1344139674","93","10","828","55","292","阿拉伯伯007","阿拉伯伯007","未必卓越、一定追求！","m","21","1","","","-1","辽宁 沈阳","http://tp4.sinaimg.cn/2910924215/180/5736742099/1","1","",""
"3886613992225058","3886613992225058","1675315294","3886605997219508","1442124448","0","0","0","资本寒冬！","资本寒冬！","1261877802","1260","491","1327","7256","1398","缓之","缓之","南开大学","m","13","3","","","-1","河北 秦皇岛","http://tp3.sinaimg.cn/1675315294/180/5622212580/1","","",""
"3886614029579947","3886614029579947","2535502882","3886605997219508","1442124456","0","0","0","转发微博","转发微博","1321317926","345","33","476","15138","701","木子涛1990","木子涛1990","NO cross，no crown .","m","31","15","","","-1","上海 浦东新区","http://tp3.sinaimg.cn/2535502882/180/5747220021/1","1","",""
"3886614218994377","3886614218994377","1916152634","3886605997219508","1442124502","0","0","0","好团队！[赞]","好团队！[赞]","1319026339","578","65","984","50916","411","新面包树","新面包树","无宪政，国难宁。","f","100","1000","","","-1","其他","http://tp3.sinaimg.cn/1916152634/180/5663839999/0","","",""
"3886615124862239","3886615124862239","1418371524","3886605997219508","1442124717","0","0","0","女性创业者的群芸会应该由羽西担任","女性创业者的群芸会应该由羽西担任","1266383054","187","10","169","1043","149","大邦妮的微博","大邦妮的微博","ゆっくリ、ゆっくり","f","31","9","","","-1","上海 虹口区","http://tp1.sinaimg.cn/1418371524/180/5738121949/0","1","",""
"3886615267219102","3886615267219102","5344610252","3886605997219508","1442124752","0","0","0","转发微博","转发微博","1414219280","86","15","0","180","273","陈年老年","陈年老年","当一个小小的心念变成成为行为时，便能成了习惯；从而形成性格，而性格就决定你一生的成败。","m","45","9","","","-1","广西 玉林","http://tp1.sinaimg.cn/5344610252/180/5715671886/1","1","",""
"3886615749106928","3886615749106928","2393224322","3886605997219508","1442124867","0","0","0","转发微博","转发微博","1315909244","107","72","3","1346","272","飄然留戀","飄然留戀","","m","52","1","","","-1","贵州 贵阳","http://tp3.sinaimg.cn/2393224322/180/5682931126/1","1","",""
"3886616697658472","3886616697658472","2391280805","3886605997219508","1442125092","0","0","0","导师很滋润","导师很滋润","1317448434","684","311","1","31031","1122","淮安陶白","淮安陶白","我是一个兵，退伍不褪色！坚决反台独！","m","32","8","","","-1","江苏 淮安","http://tp2.sinaimg.cn/2391280805/180/5684826550/1","1","",""
"3886618370496977","3886618370496977","2978524861","3886605997219508","1442125491","0","0","0","三位老师嗨皮了。@徐小平","三位老师嗨皮了。@徐小平","1348975790","8524","373","3","12795","671","牛志文观物流","牛志文观物流","多年来专注于智慧物流园区产业规划研究、潜心于研究物流金融与物流大数据等方面。微信号：niu-zhiwen","m","37","2","1","中国物流与采购联合会物联网技术与应用专业委员会特约专家","0","山东 青岛","http://tp2.sinaimg.cn/2978524861/180/5706860409/1","","",""
"3886618530620678","3886618530620678","1458781802","3886605997219508","1442125528","1","0","1","“成为兄弟姐妹”李开复又在传教，贼心不死。","“成为兄弟姐妹”李开复又在传教，贼心不死。","1295182300","76","6","1","1934","62","元知万","元知万","","m","42","1","","","-1","湖北 武汉","http://tp3.sinaimg.cn/1458781802/180/1295182956/1","1","",""
"3886619473483563","3886619473483563","2827637445","3886605997219508","1442125755","0","0","0","转发微博","转发微博","1340364066","46","5","0","2399","46","平平安安369D","平平安安369D","","m","14","1","","","-1","山西 太原","http://tp2.sinaimg.cn/2827637445/180/5739200795/1","1","",""
"3886619864002756","3886619864002756","1401486491","3886605997219508","1442125847","0","0","0","缵一个.","缵一个.","1339250428","41","1","6","102","60","天涯慧瓴","天涯慧瓴","黄沙起处云飞扬，男儿仗剑走四方。长路寂寞谁作伴，漫卷西风断人肠。聚散无常休戚戚，多情总被无情伤。问君愁者为何愁，朝露才罢又夕阳。","m","53","1","","","-1","云南 昆明","http://tp4.sinaimg.cn/1401486491/180/40012943604/1","1","",""
"3886619993637119","3886619993637119","2751517680","3886605997219508","1442125879","0","0","0","转发微博","转发微博","1375795153","8","2","0","43","64","goodmanOrmusic","goodmanOrmusic","","m","33","10","","","-1","浙江 台州","http://tp1.sinaimg.cn/2751517680/180/5737966544/1","1","",""
"3886620220485555","3886620220485555","3489900065","3886605997219508","1442125933","0","0","0","转发微博","转发微博","1369475522","106","27","26","786","140","海边一角的蔚蓝","海边一角的蔚蓝","尽我所能","m","41","15","","","-1","河南 信阳","http://tp2.sinaimg.cn/3489900065/180/5716978131/1","1","",""
"3886622586519931","3886622586519931","2600379771","3886605997219508","1442126497","0","0","0",".。。没带上我，听听课，。。。",".。。没带上我，听听课，。。。","1328281501","62","3","43","545","192","-西窗浪-","-西窗浪-","悦读、乐游、分享！","m","35","5","","","-1","福建 泉州","http://tp4.sinaimg.cn/2600379771/180/5737284889/1","","",""
"3886623802615467","3886623802615467","2505189841","3886605997219508","1442126787","0","0","0","转发微博","转发微博","1322786453","33","11","2","1153","99","枫里刀","枫里刀","阳光，自信…善良，乐于助人～永不放弃！","m","45","1000","","","-1","广西","http://tp2.sinaimg.cn/2505189841/180/5621267178/1","1","",""
"3886624465389240","3886624465389240","2797079582","3886605997219508","1442126944","0","0","0","株洲城，湘江边，这里是三号公馆。在这里，你可以享一米阳光，一壶咖啡，淡雅书香。你也可以焚香煎茶，盟交新友，聊心清谈。你还可以小酌半醺，以乐绘景，互诉衷肠。这就是三号公馆怀旧音乐主题酒馆。三号公馆，随心，随性，随行。","株洲城，湘江边，这里是三号公馆。在这里，你可以享一米阳光，一壶咖啡，淡雅书香。你也可以焚香煎茶，盟交新友，聊心清谈。你还可以小酌半醺，以乐绘景，互诉衷肠。这就是三号公馆怀旧音乐主题酒馆。三号公馆，随心，随性，随行。","1336353933","2417","464","0","1162","925","三号公馆-音乐酒馆","三号公馆-音乐酒馆","这是三号公馆；在这里，醉音乐，品醇酒，享美味，交朋友。三号公馆，温润，亲和，家一样的地方！","m","43","1000","1","湖南三幸文化产业有限公司","2","湖南","http://tp3.sinaimg.cn/2797079582/180/5631326766/1","1","",""
"3886624851378996","3886624851378996","2797079582","3886605997219508","1442127037","0","0","0","株洲城，湘江边，这里是三号公馆。在这里，你可以享一米阳光，一壶咖啡，淡雅书香。你也可以焚香煎茶，盟交新友，聊心清谈。你还可以小酌半醺，以乐绘景，互诉衷肠。这就是三号公馆怀旧音乐主题酒馆。三号公馆，随心，随性，随行。","株洲城，湘江边，这里是三号公馆。在这里，你可以享一米阳光，一壶咖啡，淡雅书香。你也可以焚香煎茶，盟交新友，聊心清谈。你还可以小酌半醺，以乐绘景，互诉衷肠。这就是三号公馆怀旧音乐主题酒馆。三号公馆，随心，随性，随行。","1336353933","2417","464","0","1162","925","三号公馆-音乐酒馆","三号公馆-音乐酒馆","这是三号公馆；在这里，醉音乐，品醇酒，享美味，交朋友。三号公馆，温润，亲和，家一样的地方！","m","43","1000","1","湖南三幸文化产业有限公司","2","湖南","http://tp3.sinaimg.cn/2797079582/180/5631326766/1","1","",""
"3886625237418753","3886625237418753","2797079582","3886605997219508","1442127129","0","0","0","株洲城，湘江边，这里是三号公馆。在这里，你可以享一米阳光，一壶咖啡，淡雅书香。你也可以焚香煎茶，盟交新友，聊心清谈。你还可以小酌半醺，以乐绘景，互诉衷肠。这就是三号公馆怀旧音乐主题酒馆。三号公馆，随心，随性，随行。","株洲城，湘江边，这里是三号公馆。在这里，你可以享一米阳光，一壶咖啡，淡雅书香。你也可以焚香煎茶，盟交新友，聊心清谈。你还可以小酌半醺，以乐绘景，互诉衷肠。这就是三号公馆怀旧音乐主题酒馆。三号公馆，随心，随性，随行。","1336353933","2417","464","0","1162","925","三号公馆-音乐酒馆","三号公馆-音乐酒馆","这是三号公馆；在这里，醉音乐，品醇酒，享美味，交朋友。三号公馆，温润，亲和，家一样的地方！","m","43","1000","1","湖南三幸文化产业有限公司","2","湖南","http://tp3.sinaimg.cn/2797079582/180/5631326766/1","1","",""
"3886625623090251","3886625623090251","2797079582","3886605997219508","1442127221","0","0","0","株洲城，湘江边，这里是三号公馆。在这里，你可以享一米阳光，一壶咖啡，淡雅书香。你也可以焚香煎茶，盟交新友，聊心清谈。你还可以小酌半醺，以乐绘景，互诉衷肠。这就是三号公馆怀旧音乐主题酒馆。三号公馆，随心，随性，随行。","株洲城，湘江边，这里是三号公馆。在这里，你可以享一米阳光，一壶咖啡，淡雅书香。你也可以焚香煎茶，盟交新友，聊心清谈。你还可以小酌半醺，以乐绘景，互诉衷肠。这就是三号公馆怀旧音乐主题酒馆。三号公馆，随心，随性，随行。","1336353933","2417","464","0","1162","925","三号公馆-音乐酒馆","三号公馆-音乐酒馆","这是三号公馆；在这里，醉音乐，品醇酒，享美味，交朋友。三号公馆，温润，亲和，家一样的地方！","m","43","1000","1","湖南三幸文化产业有限公司","2","湖南","http://tp3.sinaimg.cn/2797079582/180/5631326766/1","1","",""
"3886626646281637","3886626646281637","2671057597","3886605997219508","1442127465","0","0","0","努力","努力","1339904445","233","209","8","1510","392","MRJ_E","MRJ_E","再见 ！","m","51","1","","","-1","四川 成都","http://tp2.sinaimg.cn/2671057597/180/5740981198/1","1","",""
"3886626700395673","3886626700395673","2682039115","3886605997219508","1442127477","0","2","0","把我们小平拍的有点[失望]","把我们小平拍的有点[失望]","1332919907","300","16","22","500","34","常花花er","常花花er","社会主义核心价值观践行者","f","11","8","","","-1","北京 海淀区","http://tp4.sinaimg.cn/2682039115/180/5742647542/0","1","",""
"3886627304913367","3886627304913367","1921331513","3886605997219508","1442127621","0","0","0","真好，我能参加吗","真好，我能参加吗","1294992708","79","8","1","164","72","威格智能陈静","威格智能陈静","威格智能，为您品质生活每一天","f","32","6","","","-1","江苏 南通","http://tp2.sinaimg.cn/1921331513/180/5743263157/0","1","",""
"3886627774818588","3886627774818588","3820763002","3886605997219508","1442127734","0","0","0","转发微博","转发微博","1380236336","37","33","0","108","256","李标LHB","李标LHB","人生充满机遇和挑战，勇往直前接受挑战，不断发现自我超越自我！","m","41","3","","","-1","河南 洛阳","http://tp3.sinaimg.cn/3820763002/180/5737067588/1","1","",""
"3886628915120172","3886628915120172","1651615587","3886605997219508","1442128005","0","0","0","和三位老师度过了一个美妙的周末，厦门之行真是难忘。","和三位老师度过了一个美妙的周末，厦门之行真是难忘。","1254730547","6972","436","300","1808","710","李翔昊","李翔昊","非著名产品经理。人生理想，开一家互联网思维的红烧排骨店。有一本烂作，《SNS浪潮》。","m","11","8","1","北京会会达人科技发展有限公司创始人/CEO","0","北京 海淀区","http://tp4.sinaimg.cn/1651615587/180/5690601266/1","","",""
"3886629779378845","3886629779378845","5589978464","3886605997219508","1442128211","0","0","0","转发微博","转发微博","1429178229","1973","18","5","616462","353","在线评股","在线评股","","m","11","8","1","新浪在线评股","3","北京 海淀区","http://tp1.sinaimg.cn/5589978464/180/5724146042/1","1","",""
"3886631356732477","3886631356732477","1027057001","3886605997219508","1442128588","0","0","0","转发微博","转发微博","1270521602","388","89","138","5630","921","maris205","maris205","搜索&nlp爱好者","m","42","1","","","-1","湖北 武汉","http://tp2.sinaimg.cn/1027057001/180/5630849930/1","1","",""
"3886632627104823","3886632627104823","1919843173","3886605997219508","1442128890","0","0","0","@鱼二总 ","@鱼二总 ","1294892595","460","30","2319","5154","1139","foolmonica","foolmonica","when u say nothing at all","f","11","5","","","-1","北京 朝阳区","http://tp2.sinaimg.cn/1919843173/180/5636716055/0","","",""
"3886633411630909","3886633411630909","1245118350","3886605997219508","1442129078","0","2","0","[good]","[good]","1269569418","25","10","1","65","57","可修改","可修改","懂得敬畏 才能无畏","m","11","1000","","","-1","北京","http://tp3.sinaimg.cn/1245118350/180/5599396929/1","","",""
"3886640936258445","3886640936258445","2254859874","3886605997219508","1442130872","1","0","1","这么高端大气，我们要加油啊[good][握手]@安康金瑞科技 ","这么高端大气，我们要加油啊[good][握手]@安康金瑞科技 ","1311001425","165","48","9","1602","232","秦巴创客","秦巴创客","秦巴汉水创业人。安康市青年创业协会秘书长。金瑞公司总经理。","m","61","9","","","-1","陕西 安康","http://tp3.sinaimg.cn/2254859874/180/5662091127/1","1","",""
"3886644966609439","3886644966609439","5589978464","3886605997219508","1442131833","0","0","0","转发微博","转发微博","1429178229","1973","18","5","616462","353","在线评股","在线评股","","m","11","8","1","新浪在线评股","3","北京 海淀区","http://tp1.sinaimg.cn/5589978464/180/5724146042/1","1","",""
"3886645651025057","3886645651025057","1863745703","3886605997219508","1442131996","0","0","0","转发微博","转发微博","1289889743","222","60","252","2345","287","哥本浮云","哥本浮云","苦莫苦于多愿，悲莫悲于精散，幽莫幽于贪鄙。","m","44","3","","","220","广东 深圳","http://tp4.sinaimg.cn/1863745703/180/1289890095/1","","",""
"3886647613434329","3886647613434329","3851514257","3886605997219508","1442132464","0","0","0","生命～每天都做了普普通通的事。","生命～每天都做了普普通通的事。","1381790924","39","2","0","352","85","英毛2013","英毛2013","","f","15","1","","","-1","内蒙古 呼和浩特","http://tp2.sinaimg.cn/3851514257/180/22884654308/0","1","",""
"3886648054395286","3886648054395286","5014314919","3886618530620678","1442132567","0","0","0","发现颠狗一枚","发现颠狗一枚//@元知万:“成为兄弟姐妹”李开复又在传教，贼心不死。","1390840846","95","7","15","1320","314","ricky_19512","ricky_19512","总有非凡故事","m","44","1","","","-1","广东 广州","http://tp4.sinaimg.cn/5014314919/180/5698800677/1","1","",""
"3886650247929745","3886650247929745","3632922807","3886605997219508","1442133092","0","0","0","精英阶层，开复老师气色很好！！","精英阶层，开复老师气色很好！！","1374030853","92","34","2","1048","330","北冥鱼的快乐生活","北冥鱼的快乐生活","宁静以致远","m","21","2","","","-1","辽宁 大连","http://tp4.sinaimg.cn/3632922807/180/5686369304/1","1","",""
"3886651145094020","3886651145094020","2472653431","3886605997219508","1442133305","0","0","0","转发微博","转发微博","1325174442","181","7","130","5023","831","飞天猫翼","飞天猫翼","我心永恒 *13236260838","f","32","8","","","-1","江苏 淮安","http://tp4.sinaimg.cn/2472653431/180/5620143407/0","1","",""
"3886652948983939","3886652948983939","2627793444","3886605997219508","1442133736","0","0","0","转发微博","转发微博","1376663648","42","11","1024","2513","260","obrxsn","obrxsn","","m","33","1","","","-1","浙江 杭州","http://tp1.sinaimg.cn/2627793444/180/0/1","1","",""
"3886653724999121","3886653724999121","1935296154","3886605997219508","1442133921","0","0","0","转发微博","转发微博","1297252090","3000","33","169","2050","286","魏永勇","魏永勇","君子不重，则不威；学则不固。主忠信。无友不如己者。过，则勿惮改。","m","11","8","1","管家盒子网（guanjiahezi.com)、狗叫盒子网（gjbox.com)创始人","0","北京 海淀区","http://tp3.sinaimg.cn/1935296154/180/5741841377/1","1","",""
"3886654190153930","3886654190153930","3232830412","3886605997219508","1442134031","0","0","0","转发微博","转发微博","1364469182","2","0","0","2","24","糖罐子0028","糖罐子0028","","f","62","1","","","-1","甘肃 兰州","http://tp1.sinaimg.cn/3232830412/180/0/0","1","",""
"3886655452992980","3886655452992980","3174190992","3886605997219508","1442134332","0","0","0","加油！","加油！","1359556848","47","12","0","140","152","小冰冰的最大的玩伴","小冰冰的最大的玩伴","","m","42","1","","","-1","湖北 武汉","http://tp1.sinaimg.cn/3174190992/180/40014264190/1","1","",""
"3886656581489760","3886656581489760","3391682760","3886605997219508","1442134601","0","0","0","转发微博","转发微博","1367328276","45","3","0","381","159","西藏林芝律师江海军","西藏林芝律师江海军","西藏林芝市唯一A照律师","m","54","26","","","-1","西藏 林芝","http://tp1.sinaimg.cn/3391682760/180/5737101761/1","1","",""
"3886656858011577","3886656858011577","1668472693","3886605997219508","1442134668","0","1","0","第一张和第七张图，有亮点[嘘]","第一张和第七张图，有亮点[嘘]","1260365145","4029","570","273","4094","1268","ConciseTony","ConciseTony","觉得靠谱并且一切终将会好起来的感觉，是tm很重要的感觉.","m","11","6","1","北京微己时代（安的鸡尾酒）  联合创始人 / 副总裁","0","北京 丰台区","http://tp2.sinaimg.cn/1668472693/180/5712130429/1","1","",""
"3886660104127296","3886660104127296","5589978464","3886605997219508","1442135441","0","0","0","转发微博","转发微博","1429178229","1973","18","5","616462","353","在线评股","在线评股","","m","11","8","1","新浪在线评股","3","北京 海淀区","http://tp1.sinaimg.cn/5589978464/180/5724146042/1","1","",""
"3886660360480960","3886660360480960","2692488157","3886605997219508","1442135503","0","0","0","转发微博","转发微博","1333504411","13","5","5","246","114","MaybeIl0veyou","MaybeIl0veyou","","m","21","2","","","-1","辽宁 大连","http://tp2.sinaimg.cn/2692488157/180/5690985189/1","1","",""
"3886664424798300","3886664424798300","1773586257","3886605997219508","1442136472","0","0","0","转发微博","转发微博","1278911325","1018","36","1","391","50","种尚贤","种尚贤","上海厚呷台式茶饮-中国健康茶饮行业先锋者","m","31","8","1","上海厚呷投资管理有限公司 种尚贤 微博美食点评团成员","0","上海 闸北区","http://tp2.sinaimg.cn/1773586257/180/5716015116/1","1","",""
"3886669511988380","3886669511988380","3645406100","3886605997219508","1442137684","0","0","0","转发微博","转发微博","1376113188","33","31","0","147","123","用户3645406100","用户3645406100","月光族","f","51","1","","","-1","四川 成都","http://tp1.sinaimg.cn/3645406100/180/0/0","1","",""
"3886675333463328","3886675333463328","5589978464","3886605997219508","1442139072","0","0","0","转发微博","转发微博","1429178229","1973","18","5","616462","353","在线评股","在线评股","","m","11","8","1","新浪在线评股","3","北京 海淀区","http://tp1.sinaimg.cn/5589978464/180/5724146042/1","1","",""
"3886676319103655","3886676319103655","3042354815","3886605997219508","1442139308","0","0","0","祝贺：开复！更应该好好休息，不能太累！我们共同战斗！！加油、努力！","祝贺：开复！更应该好好休息，不能太累！我们共同战斗！！加油、努力！","1351253838","90","61","13","187","182","四哥我喜欢做饭","四哥我喜欢做饭","简单生活,特爱钓鱼","m","50","12","","","-1","重庆 渝北区","http://tp4.sinaimg.cn/3042354815/180/5736713352/1","1","",""
"3886680148605965","3886680148605965","2263769725","3886605997219508","1442140221","0","0","0","@御品弘 ","@御品弘 ","1311346973","89","24","4","337","147","sucopan","sucopan","茗记在心：13400572224（微信）","m","35","2","","","-1","福建 厦门","http://tp2.sinaimg.cn/2263769725/180/5736438952/1","1","",""
"3886680626738836","3886680626738836","3488409862","3886605997219508","1442140335","1","0","0","@李坚的微 ","@李坚的微 ","1369285710","465","288","12","1122","957","陈佑东的Qing","陈佑东的Qing","做梦了，就得负责…","m","23","1000","1","  哈尔滨云豚文化传媒有限公司CEO 陈佑东","0","黑龙江","http://tp3.sinaimg.cn/3488409862/180/5748870211/1","1","",""
"3886682077924880","3886682077924880","1889297752","3886605997219508","1442140681","0","0","0","转发微博","转发微博","1411484798","21","1","0","166","136","mirror_52316","mirror_52316","","f","32","1000","","","-1","江苏","http://tp1.sinaimg.cn/1889297752/180/5732381959/0","1","",""
"3886690776875945","3886690776875945","5589978464","3886605997219508","1442142755","0","0","0","转发微博","转发微博","1429178229","1973","18","5","616462","353","在线评股","在线评股","","m","11","8","1","新浪在线评股","3","北京 海淀区","http://tp1.sinaimg.cn/5589978464/180/5724146042/1","1","",""
"3886694120469133","3886694120469133","3134268765","3886680626738836","1442143552","0","0","0","","//@陈佑东的Qing:@李坚的微 ","1353512508","371","177","21","588","860","李坚的微","李坚的微","傻瓜理财，为股民提供与民间高手实盘交流的平台。","m","11","5","1","众富（北京）网络科技有限责任公司 网络推广经理","0","北京 朝阳区","http://tp2.sinaimg.cn/3134268765/180/5739959214/1","1","",""
"3886694711166986","3886694711166986","2345234277","3886605997219508","1442143692","0","0","0","转发微博","转发微博","1315273034","4","0","24","24","215","Zibo20101221","Zibo20101221","","m","53","1000","","","-1","云南","http://tp2.sinaimg.cn/2345234277/180/5729844970/1","1","",""
"3886696372266418","3886696372266418","5555648794","3886605997219508","1442144089","0","0","0","转发微博","转发微博","1426269641","12","10","0","24","154","用户5555648794","用户5555648794","","m","41","15","","","-1","河南 信阳","http://tp3.sinaimg.cn/5555648794/180/5742479794/1","1","",""
"3886697932469918","3886697932469918","2689481635","3886605997219508","1442144461","0","0","0","转发微博","转发微博","1343804464","60","16","0","662","95","爱7-1","爱7-1","天大地大亲情最大","f","51","1","","","-1","四川 成都","http://tp4.sinaimg.cn/2689481635/180/5745410535/0","1","",""
"3886703431251336","3886703431251336","5520045484","3886605997219508","1442145772","0","0","0","转发微博","转发微博","1424312253","36","9","4","1821","533","第三号集团","第三号集团","","m","37","10","","","-1","山东 威海","http://tp1.sinaimg.cn/5520045484/180/5719279725/1","1","",""
"3886706354639356","3886706354639356","5589978464","3886605997219508","1442146468","0","0","0","转发微博","转发微博","1429178229","1973","18","5","616462","353","在线评股","在线评股","","m","11","8","1","新浪在线评股","3","北京 海淀区","http://tp1.sinaimg.cn/5589978464/180/5724146042/1","1","",""
"3886713191370600","3886713191370600","2203548297","3886605997219508","1442148095","0","1","0","大咖大咖，我何时成为大咖？有影响力的大咖？我在策划做一家内似聚美优品那样的公司！徐总可以投资么？聚美主打化妆品概念，而我们主打礼品概念！整合线下全国礼品市场！@徐小平 1.曾经远距离听你的演讲：“哭过，笑过，生活还得过！”这是何等的潇洒！2.“投资得看人品，不能拿到投资就当玩票！”","大咖大咖，我何时成为大咖？有影响力的大咖？我在策划做一家内似聚美优品那样的公司！徐总可以投资么？聚美主打化妆品概念，而我们主打礼品概念！整合线下全国礼品市场！@徐小平 1.曾经远距离听你的演讲：“哭过，笑过，生活还得过！”这是何等的潇洒！2.“投资得看人品，不能拿到投资就当玩票！”","1309189802","138","15","22","1056","189","何荣信","何荣信","沐梦科技CEO","m","11","5","","","-1","北京 朝阳区","http://tp2.sinaimg.cn/2203548297/180/5734430726/1","1","",""
"3886721537953999","3886721537953999","5589978464","3886605997219508","1442150087","0","0","0","转发微博","转发微博","1429178229","1973","18","5","616462","353","在线评股","在线评股","","m","11","8","1","新浪在线评股","3","北京 海淀区","http://tp1.sinaimg.cn/5589978464/180/5724146042/1","1","",""
"3886724889835153","3886724889835153","5614509446","3886605997219508","1442150888","0","0","0","高大上","高大上","1432255878","46","30","1","112","147","林月儿LYE","林月儿LYE","时光流逝，岁月静好","f","400","16","","","-1","海外 其他","http://tp3.sinaimg.cn/5614509446/180/5748008917/0","1","",""
"3886725203946679","3886725203946679","2015364853","3886605997219508","1442150962","0","0","0","转发微博","转发微博","1299659955","1018","610","224","5629","876","上海滩2011007","上海滩2011007","","m","31","8","","","-1","上海 闸北区","http://tp2.sinaimg.cn/2015364853/180/1300754621/1","1","",""
"3886727045244307","3886727045244307","2650098871","3886605997219508","1442151401","0","0","0","不用谢，应该的！","不用谢，应该的！","1331036659","76","13","70","822","36","FWs1987","FWs1987","Billie Jean is not my lover","m","44","3","","","-1","广东 深圳","http://tp4.sinaimg.cn/2650098871/180/5686504062/1","1","",""
"3886730312477314","3886730312477314","3749875945","3886605997219508","1442152181","0","0","0","转发微博","转发微博","1377434214","23","4","4","174","169","蘇蘇-YYS","蘇蘇-YYS","","f","11","15","","","-1","北京 大兴区","http://tp2.sinaimg.cn/3749875945/180/5675936521/0","1","",""
"3886737329408916","3886737329408916","5589978464","3886605997219508","1442153853","0","0","0","转发微博","转发微博","1429178229","1973","18","5","616462","353","在线评股","在线评股","","m","11","8","1","新浪在线评股","3","北京 海淀区","http://tp1.sinaimg.cn/5589978464/180/5724146042/1","1","",""
"3886737547943045","3886737547943045","5131502918","3886605997219508","1442153906","0","0","0","转发微博","转发微博","1399161415","121","29","0","134","201","梦珂敛0","梦珂敛0","","f","12","6","","","-1","天津 红桥区","http://tp3.sinaimg.cn/5131502918/180/5694128914/0","1","",""
"3886740014218613","3886740014218613","2937079557","3886605997219508","1442154494","0","0","0","转发微博","转发微博","1346602548","27","2","0","80","133","莫增均","莫增均","","m","44","1000","","","-1","广东","http://tp2.sinaimg.cn/2937079557/180/5717700397/1","1","",""
"3886742107052376","3886742107052376","1725853621","3886605997219508","1442154992","0","0","0","转发微博","转发微博","1270672486","483","136","238","20816","248","巫婆室长","巫婆室长","","f","81","1","","","-1","香港 其他","http://tp2.sinaimg.cn/1725853621/180/5671240746/0","1","",""
"3886745495562767","3886745495562767","2926485171","3886605997219508","1442155801","0","0","0","转发微博","转发微博","1349050391","1589","692","1022","51360","1802","智友会雷小军","智友会雷小军","智友会（Cnzyh108)原创思想智慧，分享创业心智，自由自愿联合，共建高端社区！294676742 微信：sdleisj","m","37","14","","","220","山东 德州","http://tp4.sinaimg.cn/2926485171/180/5722906428/1","1","",""
"3886751694936221","3886751694936221","5589978464","3886605997219508","1442157278","0","0","0","转发微博","转发微博","1429178229","1973","18","5","616462","353","在线评股","在线评股","","m","11","8","1","新浪在线评股","3","北京 海淀区","http://tp1.sinaimg.cn/5589978464/180/5724146042/1","1","",""
"3886752710391290","3886752710391290","3158845754","3886605997219508","1442157521","0","0","0","转发微博","转发微博","1360221852","6","5","0","101","61","手机用户3158845754","手机用户3158845754","","m","100","1000","","","-1","其他","http://tp3.sinaimg.cn/3158845754/180/5686925188/1","1","",""
"3886756472368377","3886756472368377","5525681582","3886605997219508","1442158417","0","0","0","体验失败、收集失败","体验失败、收集失败","1424246440","3","0","1","136","16","鸡窝头大侠","鸡窝头大侠","","m","23","2","","","-1","黑龙江 齐齐哈尔","http://tp3.sinaimg.cn/5525681582/180/5722243598/1","1","",""
"3886758611534444","3886758611534444","1939478431","3886605997219508","1442158924","0","0","0","都说资本寒冬到了，倒不如说投资者更谨慎专业。再冷的寒冬，好的项目，投资者是不会放过的！","都说资本寒冬到了，倒不如说投资者更谨慎专业。再冷的寒冬，好的项目，投资者是不会放过的！","1296231171","1677","539","21","6987","1370","红酒哥韩作俊","红酒哥韩作俊","奥德曼酒庄葡萄酒，老韩农场正宗烟台栖霞红富士苹果，热线：13685347616","m","37","14","","","220","山东 德州","http://tp4.sinaimg.cn/1939478431/180/5718548868/1","1","",""
"3886760481893607","3886760481893607","2690868672","3886605997219508","1442159372","0","1","0","@李开复 等我","@李开复 等我","1327753292","8","7","0","42","44","Magicc丶","Magicc丶","","m","34","1000","","","-1","安徽","http://tp1.sinaimg.cn/2690868672/180/5749306025/1","1","",""
"3886760792542616","3886760792542616","2466549280","3886605997219508","1442159448","0","0","0","[鼓掌][鼓掌][鼓掌][给力][给力][给力]為了未来的中国人[耶][耶][耶]@李开复 [太阳]","[鼓掌][鼓掌][鼓掌][给力][给力][给力]為了未来的中国人[耶][耶][耶]@李开复 [太阳]","1318576436","61","44","27","1390","126","FOFO在行动","FOFO在行动","LUCKY FOFO","m","81","1","","","-1","香港 其他","http://tp1.sinaimg.cn/2466549280/180/5734716918/1","1","",""
"3886767562122853","3886767562122853","5589978464","3886605997219508","1442161061","0","0","0","转发微博","转发微博","1429178229","1973","18","5","616462","353","在线评股","在线评股","","m","11","8","1","新浪在线评股","3","北京 海淀区","http://tp1.sinaimg.cn/5589978464/180/5724146042/1","1","",""
"3886782745335436","3886782745335436","5589978464","3886605997219508","1442164682","0","0","0","转发微博","转发微博","1429178229","1973","18","5","616462","353","在线评股","在线评股","","m","11","8","1","新浪在线评股","3","北京 海淀区","http://tp1.sinaimg.cn/5589978464/180/5724146042/1","1","",""
"3886784238662507","3886784238662507","2511419921","3886605997219508","1442165038","0","0","0","转发微博","转发微博","1323050198","139","13","504","1882","361","Jady东东","Jady东东","","f","11","1","","","-1","北京 东城区","http://tp2.sinaimg.cn/2511419921/180/5671458223/0","1","",""
"3886797974850633","3886797974850633","5589978464","3886605997219508","1442168313","0","0","0","转发微博","转发微博","1429178229","1973","18","5","616462","353","在线评股","在线评股","","m","11","8","1","新浪在线评股","3","北京 海淀区","http://tp1.sinaimg.cn/5589978464/180/5724146042/1","1","",""
"3886812986333913","3886812986333913","5589978464","3886605997219508","1442171892","0","0","0","转发微博","转发微博","1429178229","1973","18","5","616462","353","在线评股","在线评股","","m","11","8","1","新浪在线评股","3","北京 海淀区","http://tp1.sinaimg.cn/5589978464/180/5724146042/1","1","",""
"3886827611856350","3886827611856350","5589978464","3886605997219508","1442175379","0","0","0","转发微博","转发微博","1429178229","1973","18","5","616462","353","在线评股","在线评股","","m","11","8","1","新浪在线评股","3","北京 海淀区","http://tp1.sinaimg.cn/5589978464/180/5724146042/1","1","",""
"3886849711805059","3886849711805059","5250036700","3886605997219508","1442180648","0","0","0","转发微博","转发微博","1407833490","46","8","4","976","95","犯过的cuo","犯过的cuo","亲吻你的长发","m","33","4","","","-1","浙江 嘉兴","http://tp1.sinaimg.cn/5250036700/180/5748686297/1","1","",""
"3886860172404942","3886860172404942","5589978464","3886605997219508","1442183142","0","0","0","转发微博","转发微博","1429178229","1973","18","5","616462","353","在线评股","在线评股","","m","11","8","1","新浪在线评股","3","北京 海淀区","http://tp1.sinaimg.cn/5589978464/180/5724146042/1","1","",""
"3886863401771957","3886863401771957","3293983634","3886605997219508","1442183912","0","0","0","转发微博","转发微博","1365224734","118","6","280","11500","384","杨帆博海","杨帆博海","事缓则满","m","31","15","","","-1","上海 浦东新区","http://tp3.sinaimg.cn/3293983634/180/0/1","1","",""
"3886874583877331","3886874583877331","5589978464","3886605997219508","1442186578","0","0","0","转发微博","转发微博","1429178229","1973","18","5","616462","353","在线评股","在线评股","","m","11","8","1","新浪在线评股","3","北京 海淀区","http://tp1.sinaimg.cn/5589978464/180/5724146042/1","1","",""
"3886878903924810","3886878903924810","1746982604","3886605997219508","1442187607","0","0","0","开复，对不起，我爱你。[爱你]","开复，对不起，我爱你。[爱你]","1274839452","465","81","149","9085","214","sf微","sf微","善缘 当我开始悟到的时候，我知道我还未了悟 傻姑娘 小小数据 我的希望，在这里","f","32","1","","","-1","江苏 南京","http://tp1.sinaimg.cn/1746982604/180/40072469302/0","1","",""
"3886888832178683","3886888832178683","5589978464","3886605997219508","1442189974","0","0","0","转发微博","转发微博","1429178229","1973","18","5","616462","353","在线评股","在线评股","","m","11","8","1","新浪在线评股","3","北京 海淀区","http://tp1.sinaimg.cn/5589978464/180/5724146042/1","1","",""
"3886925855581076","3886925855581076","1807609827","3886605997219508","1442198800","0","0","1","别人家的“群英会”[挖鼻]@番薯陈陈","别人家的“群英会”[挖鼻]@番薯陈陈","1283338331","604","55","29","2614","269","龙潮","龙潮","时间尚早，别睁开眼睛…","m","45","1","","","-1","广西 南宁","http://tp4.sinaimg.cn/1807609827/180/5747582514/1","","",""
"3886929504442296","3886929504442296","1945551837","3886605997219508","1442199672","0","0","0","👏👏","👏👏","1296728501","291","1","35","1813","93","双瞳蝶恋花","双瞳蝶恋花","描边话多的设计师","m","23","1","","","-1","黑龙江 哈尔滨","http://tp2.sinaimg.cn/1945551837/180/5721221501/1","1","",""
"3886935259283348","3886935259283348","3050142151","3886605997219508","1442201044","0","0","0","这些留学归来的英雄们","这些留学归来的英雄们","1357655617","810","623","4","636","2022","出去看看风景吧","出去看看风景吧","在中国顶尖两大留学中介从事美国留学及澳洲移民留学达8年，成功帮助600位学子留学名校，数十位商界精英移民澳洲。为你量身定作留学规划。","f","11","8","1","  北京威凯  总经理许青","0","北京 海淀区","http://tp4.sinaimg.cn/3050142151/180/22873169257/0","","",""
"3886937154454823","3886937154454823","3257448420","3886605997219508","1442201496","0","0","0","转发微博","转发微博","1362889643","8","3","0","4","71","快乐佳心缘yan","快乐佳心缘yan","","f","43","13","","","-1","湖南 娄底","http://tp1.sinaimg.cn/3257448420/180/5737168179/0","1","",""
"3886942393633661","3886942393633661","3144459092","3886605997219508","1442202745","0","0","0","小平还是那么都比","小平还是那么都比","1359072990","71","17","2","844","148","邱大大大大夫vv","邱大大大大夫vv","活在当下。眼看未来。不忘初心。","m","36","1","","","-1","江西 南昌","http://tp1.sinaimg.cn/3144459092/180/5725524035/1","1","",""
"3886952225020218","3886952225020218","3298393241","3886605997219508","1442205089","0","0","0","转发微博","转发微博","1367766985","291","11","170","19791","152","杨柳-河边","杨柳-河边","新生是陈旧的延续","m","100","1000","","","-1","其他","http://tp2.sinaimg.cn/3298393241/180/5663389383/1","1","",""
"3886965986730052","3886965986730052","2949279757","3886605997219508","1442208369","0","0","0","😎","😎","1353475903","20","13","0","44","216","笑谈人间哀与愁","笑谈人间哀与愁","","m","11","1","","","-1","北京 东城区","http://tp2.sinaimg.cn/2949279757/180/5736433113/1","1","",""
"3886990753338301","3886990753338301","5574544163","3886607432665544","1442214275","0","0","0","","//@David-王衛:[赞]","1427458654","4","1","0","788","76","珊珊来迟小超人5776","珊珊来迟小超人5776","","f","13","6","","","-1","河北 保定","http://tp4.sinaimg.cn/5574544163/180/5728826364/0","1","",""
"3887014023331564","3887014023331564","5666267647","3886605997219508","1442219822","0","0","0","转发微博","转发微博","1438439097","108","4","0","385","80","长沙极修通讯设备维修有限公司","长沙极修通讯设备维修有限公司","专业手机020维修平台，预约手机上门维修，寄修，到店维修，三星，苹果，小米等。","m","43","1","1","长沙极修通讯设备维修有限公司","2","湖南 长沙","http://tp4.sinaimg.cn/5666267647/180/5734690235/1","1","",""
"3887032021943707","3887032021943707","3048806133","3886605997219508","1442224114","0","0","0","开复老师~你是最值的我们崇拜与敬仰的人！！希望你永远的健康。。","开复老师~你是最值的我们崇拜与敬仰的人！！希望你永远的健康。。","1357645585","73","11","16","382","244","ftx1216","ftx1216","能力有限，努力无限","f","34","1","","","-1","安徽 合肥","http://tp2.sinaimg.cn/3048806133/180/40012353354/0","1","",""
"3887097880928541","3887097880928541","5149630541","3886605997219508","1442239816","0","0","0","咸丰的@老鸭客 [good][good][good]","咸丰的@老鸭客 [good][good][good]","1400742158","11","7","3","83","127","老鸭客","老鸭客","湖北恩施州咸丰老鸭客山庄是你带家人周末度假出行野钓的首选之地。","m","42","28","","","-1","湖北 恩施土家族苗族自治州","http://tp2.sinaimg.cn/5149630541/180/40055450623/1","1","",""
"3887099314789703","3887099314789703","5120342705","3886605997219508","1442240157","0","0","1","感谢开复，小平和文胜老师半年来的付出。。。谨记开复老师的嘱咐，pay it forward...@小冰 ","感谢开复，小平和文胜老师半年来的付出。。。谨记开复老师的嘱咐，pay it forward...@小冰 ","1403670989","10210","-30","0","1562","34","91投房Jeffery","91投房Jeffery","中国首家房产众筹网站","m","400","11","1","北京众智人人信息科技有限责任公司CEO","0","海外 新加坡","http://tp2.sinaimg.cn/5120342705/180/22879222349/1","1","",""
"3887100652814166","3887100652814166","2299714900","3886605997219508","1442240477","0","0","0","转发微博","转发微博","1312960996","82","0","4","16143","22","可痞的新家","可痞的新家","IT咨询、规划、设计","m","51","1","","","-1","四川 成都","http://tp1.sinaimg.cn/2299714900/180/5648086298/1","1","",""
"3887111889016580","3887111889016580","5589959949","3886605997219508","1442243156","0","0","0","转发微博","转发微博","1429394762","22","17","0","844","127","遥逞2015","遥逞2015","人生就是一场说走就走的旅途","m","15","1000","","","-1","内蒙古","http://tp2.sinaimg.cn/5589959949/180/5730239091/1","1","",""
"3887121317829235","3887121317829235","3328943600","3886605997219508","1442245404","0","0","0","[哈哈]叫小平的身高都是硬伤","[哈哈]叫小平的身高都是硬伤","1366088959","291","206","0","2693","297","享青_Joyce","享青_Joyce","身正为师，学高为范","f","32","1","","","220","江苏 南京","http://tp1.sinaimg.cn/3328943600/180/5724855725/0","1","",""
"3887267699161702","3887267699161702","3217866712","3886640936258445","1442280303","0","0","0","加油！努力！","加油！努力！//@IT运营: 这么高端大气，我们要加油啊[good][握手]@安康金瑞科技","1362710026","826","17","9","2085","125","安康金瑞科技","安康金瑞科技","本公司以新型IT运营业务为主，全面发展新型传媒，做强纸业物流配送。地址：安康市高新区世纪大道1号。0915-3838968 0915-3838988","m","61","9","1","安康市金瑞信息科技有限公司","2","陕西 安康","http://tp1.sinaimg.cn/3217866712/180/40022440550/1","1","",""
"3887450273280740","3887450273280740","1397948975","3886605997219508","1442323833","0","0","0","见到开复老师好开心，特别是开复老师发了我们设计的布景，谢谢肯定[爱你]@菲沃国际策划 ","见到开复老师好开心，特别是开复老师发了我们设计的布景，谢谢肯定[爱你]@菲沃国际策划 ","1267328234","3232","410","71","4632","796","白兰Mocha","白兰Mocha","柏菲婚典创始人。菲沃国际策划创始人及CEO。资深私人派对，庆典宴会设计师。擅长手绘。微电影编剧，词曲创作。工作邀约请私信QQ2224074576","f","35","5","1","泉州柏菲婚典 策划总监白兰","0","福建 泉州","http://tp4.sinaimg.cn/1397948975/180/5719576311/0","","",""
"3887799848038303","3887799848038303","2788373174","3886605997219508","1442407177","0","0","0","转发微博","转发微博","1339254453","15","0","2","502","33","薰衣草的阴影","薰衣草的阴影","坦荡做人谨慎做事","f","37","1","","","-1","山东 济南","http://tp3.sinaimg.cn/2788373174/180/5641891819/0","","",""
"3888365541584229","3888365541584229","1024555100","3886605997219508","1442542050","0","0","0","转发微博","转发微博","1393964365","951","618","25","1412","1905","王玮0628","王玮0628","","m","31","17","","","-1","上海 松江区","http://tp1.sinaimg.cn/1024555100/180/5737083182/1","1","",""
"3888734363931657","3888734363931657","5694621762","3886605997219508","1442629983","0","0","0","转发微博","转发微博","1441295630","5","1","0","40","111","养生保","养生保","一个互联网开发者","m","11","8","","","-1","北京 海淀区","http://tp3.sinaimg.cn/5694621762/180/5736263053/1","1","",""
"3888820971555763","3888820971555763","2644365560","3886605997219508","1442650632","0","0","0","转发微博","转发微博","1325282572","11","0","7","14","521","手机用户2644365560","手机用户2644365560","","m","100","1000","","","-1","其他","http://tp1.sinaimg.cn/2644365560/180/5744627430/1","1","",""
"3888865033484066","3888865033484066","3846985480","3886605997219508","1442661138","0","0","0","转发微博","转发微博","1381535004","32","7","33","875","200","张永强2013V5","张永强2013V5","","m","62","24","","","-1","甘肃 定西","http://tp1.sinaimg.cn/3846985480/180/5706164724/1","1","",""
"3890987317494887","3890987317494887","1272938437","3886605997219508","1443167130","0","0","0","转发微博","转发微博","1299130567","21","1","0","81","134","神州政通","神州政通","","m","11","8","","","-1","北京 海淀区","http://tp2.sinaimg.cn/1272938437/180/1300090787/1","1","",""
"3891769035375091","3891769035375091","5440449532","3886605997219508","1443353506","5","0","0","大老板李开复果然有料有种有故事的人！~~~~~~~~~~~~~欢迎我吗？","大老板李开复果然有料有种有故事的人！~~~~~~~~~~~~~欢迎我吗？","1419123505","281","21","18","10421","542","麟毛凤指手机","麟毛凤指手机","为了中华的繁荣富强而粹心沥血尽心尽力尽责去拼命奋斗！你的善良可保佑你一生！力不到不为财！它山之石可攻【和田玉】玉！要实现小时候的梦想了吧？","m","44","1","","","-1","广东 广州","http://tp1.sinaimg.cn/5440449532/180/5737704707/1","1","",""
"3891770867389510","3891770867389510","5440449532","3891769035375091","1443353943","4","0","0","大老板李开复果然有料有种有故事的人！~~~~~~~~~~~~~欢迎我吗？~~~~~~~~~~~~~~~我要找到合作老总才好办！~~~~~~你和潘老总很好的！~~~~~~你帮我问一问他？······················好吗？？？？？？？？？？？？？？？？？？？？？？","大老板李开复果然有料有种有故事的人！~~~~~~~~~~~~~欢迎我吗？~~~~~~~~~~~~~~~我要找到合作老总才好办！~~~~~~你和潘老总很好的！~~~~~~你帮我问一问他？······················好吗？？？？？？？？？？？？？？？？？？？？？？","1419123505","281","21","18","10421","542","麟毛凤指手机","麟毛凤指手机","为了中华的繁荣富强而粹心沥血尽心尽力尽责去拼命奋斗！你的善良可保佑你一生！力不到不为财！它山之石可攻【和田玉】玉！要实现小时候的梦想了吧？","m","44","1","","","-1","广东 广州","http://tp1.sinaimg.cn/5440449532/180/5737704707/1","1","",""
"3891773736877907","3891773736877907","5440449532","3891770867389510","1443354626","3","0","0","大老板李开复果然有料有种有故事的人！~欢迎我吗？~我要找到合作老总才好办！~你和潘老总很好的！~你帮我问一问他·好吗？！我的【互联网+】+2核心+9，分百分之70给他！~~~~~~~他的集团公司分些给我就可以了【他公司集团的百分之39吧】好吗？帮我问问哦！！！！！！！！","大老板李开复果然有料有种有故事的人！~欢迎我吗？~我要找到合作老总才好办！~你和潘老总很好的！~你帮我问一问他·好吗？！我的【互联网+】+2核心+9，分百分之70给他！~~~~~~~他的集团公司分些给我就可以了【他公司集团的百分之39吧】好吗？帮我问问哦！！！！！！！！","1419123505","281","21","18","10421","542","麟毛凤指手机","麟毛凤指手机","为了中华的繁荣富强而粹心沥血尽心尽力尽责去拼命奋斗！你的善良可保佑你一生！力不到不为财！它山之石可攻【和田玉】玉！要实现小时候的梦想了吧？","m","44","1","","","-1","广东 广州","http://tp1.sinaimg.cn/5440449532/180/5737704707/1","1","",""
"3891774742930787","3891774742930787","5440449532","3891773736877907","1443354866","1","0","0","我给利益他！！！！！！！！！！！！！！！！！！！他也应该给利益我吖！！！！！！！！！！！！！！！！！！！！你说是不是？？？","我给利益他！！！！！！！！！！！！！！！！！！！他也应该给利益我吖！！！！！！！！！！！！！！！！！！！！你说是不是？？？","1419123505","281","21","18","10421","542","麟毛凤指手机","麟毛凤指手机","为了中华的繁荣富强而粹心沥血尽心尽力尽责去拼命奋斗！你的善良可保佑你一生！力不到不为财！它山之石可攻【和田玉】玉！要实现小时候的梦想了吧？","m","44","1","","","-1","广东 广州","http://tp1.sinaimg.cn/5440449532/180/5737704707/1","1","",""
"3891775191785513","3891775191785513","5440449532","3891774742930787","1443354973","0","0","0","我给利益他！！！！！！！！！！！！！！！！！！！他也应该给利益我吖！！！！！！！！！！！！！！！！！！！！你说是不是？？？大老板？？？？？？？？？？？？？？？？？？？？？？？？？？？？？","我给利益他！！！！！！！！！！！！！！！！！！！他也应该给利益我吖！！！！！！！！！！！！！！！！！！！！你说是不是？？？大老板？？？？？？？？？？？？？？？？？？？？？？？？？？？？？","1419123505","281","21","18","10421","542","麟毛凤指手机","麟毛凤指手机","为了中华的繁荣富强而粹心沥血尽心尽力尽责去拼命奋斗！你的善良可保佑你一生！力不到不为财！它山之石可攻【和田玉】玉！要实现小时候的梦想了吧？","m","44","1","","","-1","广东 广州","http://tp1.sinaimg.cn/5440449532/180/5737704707/1","1","",""
"3891781861024197","3891781861024197","5440449532","3891773736877907","1443356564","0","0","0","我给我的【互联网+】+2核心+9，分百分之70给他！~~~~~~~他不会只给一张奖状我吧？？？？？？？？？？？？？？？？？？？？？？？？？？？？？？？？？？？？？？？？？？？？？？？？？？？？？？？？？？？？","我给我的【互联网+】+2核心+9，分百分之70给他！~~~~~~~他不会只给一张奖状我吧？？？？？？？？？？？？？？？？？？？？？？？？？？？？？？？？？？？？？？？？？？？？？？？？？？？？？？？？？？？？","1419123505","281","21","18","10421","542","麟毛凤指手机","麟毛凤指手机","为了中华的繁荣富强而粹心沥血尽心尽力尽责去拼命奋斗！你的善良可保佑你一生！力不到不为财！它山之石可攻【和田玉】玉！要实现小时候的梦想了吧？","m","44","1","","","-1","广东 广州","http://tp1.sinaimg.cn/5440449532/180/5737704707/1","1","",""
"3896059644828832","3896059644828832","2827255233","3886605997219508","1444376467","0","0","0","转发微博","转发微博","1340412415","9","1","0","822","8","地铁1号线2827255233","地铁1号线2827255233","","m","11","1000","","","-1","北京","http://tp2.sinaimg.cn/2827255233/180/0/1","1","",""
"3907215113541290","3907215113541290","2696350861","3886605997219508","1447036137","0","3","0","【大佬与慕蔻】慕蔻也有幸参与了这次大佬们和创业者们交流的盛会。希望不久的将来能够能有和大佬们面对面学习的机会。[可爱]","【大佬与慕蔻】慕蔻也有幸参与了这次大佬们和创业者们交流的盛会。希望不久的将来能够能有和大佬们面对面学习的机会。[可爱]","1333693131","37955","605","1246","4457","1079","MiuCake慕蔻","MiuCake慕蔻","官网预订：www.miucake.com.cn，电话预订：400-9950-168，微信公众平台： 搜索MiuCake 或 慕蔻 ，MiuCake 小慕(2558266968 或 MiuCake_joeff)","f","35","2","1","MiuCake慕蔻官方微博","2","福建 厦门","http://tp2.sinaimg.cn/2696350861/180/5632878979/0","1","",""
"3914987166424304","3914987166424304","2698943270","3886605997219508","1448889139","0","0","0","转发微博","转发微博","1328108762","43","26","0","38","144","杜天骄特卫","杜天骄特卫","","m","37","1000","","","-1","山东","http://tp3.sinaimg.cn/2698943270/180/5683023865/1","1","",""